{
  "comparison_id": "comparison_video_1_cut_50-00_01-00-00_20251002_001807",
  "video_path": "../dataset/video_1_cut_50-00_01-00-00.mov",
  "video_name": "video_1_cut_50-00_01-00-00",
  "timestamp": "2025-10-02T03:51:12.703561",
  "models_tested": 5,
  "results": [
    {
      "model_name": "yolov8n",
      "model_path": "../yolo-model/yolov8n.pt",
      "experiment_id": "yolov8n_video_1_cut_50-00_01-00-00_20251002_001807",
      "output_dir": "../output/experiments/yolov8n_video_1_cut_50-00_01-00-00_20251002_001807",
      "total_experiment_time": 1178.6219539642334,
      "avg_fps": 19.472374124528905,
      "min_fps": 5.263935742971888,
      "max_fps": 22.374871969955617,
      "total_frames": 18000,
      "total_detections": 99408,
      "parked_vehicles": 20,
      "processing_time": 1178.5173478126526,
      "tracking_gaps": 4924,
      "vehicles_with_issues": 776,
      "tracking_quality_score": 95.05,
      "overall_score": 87.49,
      "success": true
    },
    {
      "model_name": "yolov8s",
      "model_path": "../yolo-model/yolov8s.pt",
      "experiment_id": "yolov8s_video_1_cut_50-00_01-00-00_20251002_003746",
      "output_dir": "../output/experiments/yolov8s_video_1_cut_50-00_01-00-00_20251002_003746",
      "total_experiment_time": 1813.7810912132263,
      "avg_fps": 11.630176186305718,
      "min_fps": 5.234537455929612,
      "max_fps": 13.235919315341699,
      "total_frames": 18000,
      "total_detections": 146139,
      "parked_vehicles": 16,
      "processing_time": 1813.7367401123047,
      "tracking_gaps": 4728,
      "vehicles_with_issues": 813,
      "tracking_quality_score": 96.76,
      "overall_score": 80.33,
      "success": true
    },
    {
      "model_name": "yolov8m",
      "model_path": "../yolo-model/yolov8m.pt",
      "experiment_id": "yolov8m_video_1_cut_50-00_01-00-00_20251002_010759",
      "output_dir": "../output/experiments/yolov8m_video_1_cut_50-00_01-00-00_20251002_010759",
      "total_experiment_time": 3132.459418773651,
      "avg_fps": 6.291224082066314,
      "min_fps": 3.081513873154275,
      "max_fps": 10.161875619323125,
      "total_frames": 18000,
      "total_detections": 166295,
      "parked_vehicles": 22,
      "processing_time": 3132.39884185791,
      "tracking_gaps": 3392,
      "vehicles_with_issues": 692,
      "tracking_quality_score": 97.96,
      "overall_score": 75.48,
      "success": true
    },
    {
      "model_name": "yolov8l",
      "model_path": "../yolo-model/yolov8l.pt",
      "experiment_id": "yolov8l_video_1_cut_50-00_01-00-00_20251002_120337",
      "output_dir": "../output/experiments/yolov8l_video_1_cut_50-00_01-00-00_20251002_120337",
      "total_experiment_time": 5119.628993988037,
      "avg_fps": 3.7059699277269385,
      "min_fps": 1.9490368905402817,
      "max_fps": 4.122320047333463,
      "total_frames": 18000,
      "total_detections": 176918,
      "parked_vehicles": 18,
      "processing_time": 5119.5464408397675,
      "tracking_gaps": 2874,
      "vehicles_with_issues": 592,
      "tracking_quality_score": 98.38,
      "overall_score": 73.06,
      "success": true
    },
    {
      "model_name": "yolov8x",
      "model_path": "../yolo-model/yolov8x.pt",
      "experiment_id": "yolov8x_video_1_cut_50-00_01-00-00_20251002_020012",
      "output_dir": "../output/experiments/yolov8x_video_1_cut_50-00_01-00-00_20251002_020012",
      "total_experiment_time": 6660.230507850647,
      "avg_fps": 2.81775820772762,
      "min_fps": 1.6063797070044032,
      "max_fps": 3.060566214790351,
      "total_frames": 18000,
      "total_detections": 180131,
      "parked_vehicles": 19,
      "processing_time": 6660.1288158893585,
      "tracking_gaps": 2915,
      "vehicles_with_issues": 588,
      "tracking_quality_score": 98.38,
      "overall_score": 72.17,
      "success": true
    }
  ]
}